<?xml version="1.0" encoding="UTF-8"?>
<configurationDescriptor version="65">
    <projectmakefile>Makefile</projectmakefile>
    <defaultConf>0</defaultConf>
    <confs>
        <conf name="ATmega8" type="2">
            <platformToolSN></platformToolSN>
            <languageToolchainDir>C:\Program Files (x86)\Atmel\Studio\7.0\toolchain\avr8\avr8-gnu-toolchain\bin</languageToolchainDir>
            <mdbdebugger version="1">
                <placeholder1>place holder 1</placeholder1>
                <placeholder2>place holder 2</placeholder2>
            </mdbdebugger>
            <runprofile version="6">
                <args></args>
                <rundir></rundir>
                <buildfirst>true</buildfirst>
                <console-type>0</console-type>
                <terminal-type>0</terminal-type>
                <remove-instrumentation>0</remove-instrumentation>
                <environment>
                </environment>
            </runprofile>
        </conf>
    </confs>
</configurationDescriptor>
