<?xml version="1.0" encoding="UTF-8"?>
<project-private xmlns="http://www.netbeans.org/ns/project-private/1">
    <editor-bookmarks xmlns="http://www.netbeans.org/ns/editor-bookmarks/2" lastBookmarkId="1">
        <file>
            <url>src/defalut.c</url>
            <bookmark id="1">
                <name/>
                <line>14</line>
                <key/>
            </bookmark>
        </file>
    </editor-bookmarks>
    <open-files xmlns="http://www.netbeans.org/ns/projectui-open-files/2">
        <group>
            <file>file:/D:/Company/SMART/MEGA/new%20lib/ElectronicSafe.X/src/app.c</file>
            <file>file:/D:/Company/SMART/MEGA/new%20lib/ElectronicSafe.X/inc/appRes.h</file>
            <file>file:/D:/Company/SMART/MEGA/new%20lib/ElectronicSafe.X/src/Indicator.c</file>
            <file>file:/D:/Company/SMART/MEGA/new%20lib/ElectronicSafe.X/src/events.c</file>
            <file>file:/D:/Company/SMART/MEGA/new%20lib/ElectronicSafe.X/src/resepassword.c</file>
            <file>file:/D:/Company/SMART/MEGA/new%20lib/ElectronicSafe.X/inc/Indictor.h</file>
            <file>file:/D:/Company/SMART/MEGA/new%20lib/ElectronicSafe.X/inc/app.h</file>
            <file>file:/D:/Company/SMART/MEGA/new%20lib/ElectronicSafe.X/inc/resetpassword.h</file>
            <file>file:/D:/Company/SMART/MEGA/new%20lib/ElectronicSafe.X/src/defalut.c</file>
            <file>file:/D:/Company/SMART/MEGA/new%20lib/ElectronicSafe.X/inc/events.h</file>
            <file>file:/D:/Company/SMART/MEGA/new%20lib/ElectronicSafe.X/inc/defalut.h</file>
            <file>file:/D:/Company/SMART/MEGA/new%20lib/ElectronicSafe.X/inc/res.h</file>
            <file>file:/D:/Company/SMART/MEGA/new%20lib/ElectronicSafe.X/inc/user.h</file>
            <file>file:/D:/Company/SMART/MEGA/new%20lib/ElectronicSafe.X/src/user.c</file>
        </group>
    </open-files>
</project-private>
