<?xml version="1.0" encoding="UTF-8"?>
<project-private xmlns="http://www.netbeans.org/ns/project-private/1">
    <editor-bookmarks xmlns="http://www.netbeans.org/ns/editor-bookmarks/2" lastBookmarkId="0"/>
    <open-files xmlns="http://www.netbeans.org/ns/projectui-open-files/2">
        <group>
            <file>file:/D:/Company/SMART/MEGA/new%20lib/mega2.X/src/mega/button/button.c</file>
            <file>file:/D:/Company/SMART/MEGA/new%20lib/mega2.X/inc/mega/button.h</file>
            <file>file:/D:/Company/SMART/MEGA/new%20lib/mega2.X/src/mega/button/example/Button.X/inc/app.h</file>
            <file>file:/D:/Company/SMART/MEGA/new%20lib/mega2.X/inc/modules.h</file>
            <file>file:/D:/Company/SMART/MEGA/new%20lib/mega2.X/src/mega/button/example/Button.X/inc/res.h</file>
            <file>file:/D:/Company/SMART/MEGA/new%20lib/mega2.X/inc/resource.h</file>
            <file>file:/D:/Company/SMART/MEGA/new%20lib/mega2.X/inc/mega/signalGenerator.h</file>
            <file>file:/D:/Company/SMART/MEGA/new%20lib/mega2.X/inc/mega.h</file>
            <file>file:/D:/Company/SMART/MEGA/new%20lib/mega2.X/src/mega/button/example/Button.X/src/app.c</file>
        </group>
    </open-files>
</project-private>
