<?xml version="1.0" encoding="UTF-8"?>
<project xmlns="http://www.netbeans.org/ns/project/1">
    <type>com.microchip.mplab.nbide.embedded.makeproject</type>
    <configuration>
        <data xmlns="http://www.netbeans.org/ns/make-project/1">
            <name>mega2</name>
            <creation-uuid>5f324d96-1646-457b-995a-f6fbcd3a1a13</creation-uuid>
            <make-project-type>0</make-project-type>
            <c-extensions>c</c-extensions>
            <cpp-extensions/>
            <header-extensions>h</header-extensions>
            <asminc-extensions/>
            <sourceEncoding>ISO-8859-1</sourceEncoding>
            <make-dep-projects/>
            <sourceRootList>
                <sourceRootElem>inc</sourceRootElem>
                <sourceRootElem>src</sourceRootElem>
            </sourceRootList>
            <confList>
                <confElem>
                    <name>Atmega128A</name>
                    <type>3</type>
                </confElem>
                <confElem>
                    <name>ATmega8</name>
                    <type>3</type>
                </confElem>
            </confList>
            <formatting>
                <project-formatting-style>false</project-formatting-style>
            </formatting>
        </data>
        <spellchecker-wordlist xmlns="http://www.netbeans.org/ns/spellchecker-wordlist/1">
            <word>Frequncy</word>
            <word>managment</word>
            <word>ms</word>
        </spellchecker-wordlist>
    </configuration>
</project>
