<?xml version="1.0" encoding="UTF-8"?>
<project xmlns="http://www.netbeans.org/ns/project/1">
    <type>com.microchip.mplab.nbide.embedded.makeproject</type>
    <configuration>
        <data xmlns="http://www.netbeans.org/ns/make-project/1">
            <name>appCallPointMaster</name>
            <creation-uuid>27219466-4a7a-4dba-a7b2-8b3161c0fec9</creation-uuid>
            <make-project-type>0</make-project-type>
            <c-extensions>c</c-extensions>
            <cpp-extensions/>
            <header-extensions>h</header-extensions>
            <asminc-extensions/>
            <sourceEncoding>ISO-8859-1</sourceEncoding>
            <make-dep-projects/>
            <sourceRootList>
                <sourceRootElem>inc</sourceRootElem>
                <sourceRootElem>src</sourceRootElem>
            </sourceRootList>
            <confList>
                <confElem>
                    <name>ATmega328</name>
                    <type>2</type>
                </confElem>
                <confElem>
                    <name>Atmega8</name>
                    <type>2</type>
                </confElem>
                <confElem>
                    <name>ATmega128</name>
                    <type>2</type>
                </confElem>
            </confList>
            <formatting>
                <project-formatting-style>false</project-formatting-style>
            </formatting>
        </data>
    </configuration>
</project>
